USE AutoRental_María;

INSERT INTO Sucursales (idSucursales, Ciudad, Direccion, Telefono_Fijo, Celular, Email) VALUES
(1, 'Bogotá', 'Carrera 50 # 45-30', '3112345678', 3001234567, 'bogota@sucursal.com'),
(2, 'Medellín', 'Calle 80 # 45-10', '3123456789', 3012345678, 'medellin@sucursal.com'),
(3, 'Cali', 'Avenida 6 # 120-05', '3156789012', 3023456789, 'cali@sucursal.com'),
(4, 'Cartagena', 'Calle del Mar # 24-10', '3167890123', 3034567890, 'cartagena@sucursal.com'),
(5, 'Barranquilla', 'Calle 90 # 45-20', '3178901234', 3045678901, 'barranquilla@sucursal.com'),
(6, 'Bucaramanga', 'Calle 35 # 70-10', '3189012345', 3056789012, 'bucaramanga@sucursal.com'),
(7, 'Pereira', 'Carrera 7 # 50-15', '3190123456', 3067890123, 'pereira@sucursal.com'),
(8, 'Manizales', 'Avenida Santander # 25-18', '3201234567', 3078901234, 'manizales@sucursal.com'),
(9, 'Santa Marta', 'Carrera 12 # 15-12', '3223456789', 3090123456, 'santamarta@sucursal.com'),
(10, 'Cúcuta', 'Calle 12 # 30-40', '3212345678', 3089012345, 'cucuta@sucursal.com'),
(11, 'Medellín', 'Calle 100 # 32-15', '3234567890', 3101234567, 'medellin2@sucursal.com'),
(12, 'Bogotá', 'Avenida El Dorado # 95-10', '3245678901', 3112345678, 'bogota2@sucursal.com'),
(13, 'Cali', 'Carrera 5 # 50-70', '3256789012', 3123456789, 'cali2@sucursal.com'),
(14, 'Cartagena', 'Calle del Sol # 35-22', '3267890123', 3134567890, 'cartagena2@sucursal.com'),
(15, 'Barranquilla', 'Carrera 53 # 20-10', '3278901234', 3145678901, 'barranquilla2@sucursal.com'),
(16, 'Bucaramanga', 'Calle 45 # 90-15', '3289012345', 3156789012, 'bucaramanga2@sucursal.com'),
(17, 'Pereira', 'Avenida 30 # 10-12', '3290123456', 3167890123, 'pereira2@sucursal.com'),
(18, 'Manizales', 'Calle 20 # 35-50', '3301234567', 3178901234, 'manizales2@sucursal.com'),
(19, 'Santa Marta', 'Calle 23 # 11-10', '3312345678', 3189012345, 'santamarta2@sucursal.com'),
(20, 'Cúcuta', 'Carrera 25 # 40-50', '3323456789', 3190123456, 'cucuta2@sucursal.com'),
(21, 'Medellín', 'Avenida Las Palmas # 60-70', '3334567890', 3201234567, 'medellin3@sucursal.com'),
(22, 'Bogotá', 'Calle 95 # 50-60', '3345678901', 3212345678, 'bogota3@sucursal.com'),
(23, 'Cali', 'Carrera 10 # 75-80', '3356789012', 3223456789, 'cali3@sucursal.com'),
(24, 'Cartagena', 'Avenida Libertador # 11-22', '3367890123', 3234567890, 'cartagena3@sucursal.com'),
(25, 'Barranquilla', 'Carrera 70 # 25-15', '3378901234', 3245678901, 'barranquilla3@sucursal.com'),
(26, 'Bucaramanga', 'Avenida La Rosita # 40-60', '3389012345', 3256789012, 'bucaramanga3@sucursal.com'),
(27, 'Pereira', 'Calle 50 # 25-30', '3390123456', 3267890123, 'pereira3@sucursal.com'),
(28, 'Manizales', 'Carrera 20 # 40-30', '3401234567', 3278901234, 'manizales3@sucursal.com'),
(29, 'Santa Marta', 'Calle 40 # 10-12', '3412345678', 3289012345, 'santamarta3@sucursal.com'),
(30, 'Cúcuta', 'Avenida 15 # 60-70', '3423456789', 3290123456, 'cucuta3@sucursal.com'),
(31, 'Medellín', 'Calle 88 # 10-15', '3434567890', 3301234567, 'medellin4@sucursal.com'),
(32, 'Bogotá', 'Carrera 30 # 60-80', '3445678901', 3312345678, 'bogota4@sucursal.com'),
(33, 'Cali', 'Calle 15 # 60-65', '3456789012', 3323456789, 'cali4@sucursal.com'),
(34, 'Cartagena', 'Calle 12 # 10-20', '3467890123', 3334567890, 'cartagena4@sucursal.com'),
(35, 'Barranquilla', 'Carrera 25 # 30-40', '3478901234', 3345678901, 'barranquilla4@sucursal.com'),
(36, 'Bucaramanga', 'Calle 17 # 30-35', '3489012345', 3356789012, 'bucaramanga4@sucursal.com'),
(37, 'Pereira', 'Avenida 15 # 50-60', '3490123456', 3367890123, 'pereira4@sucursal.com'),
(38, 'Manizales', 'Carrera 5 # 15-20', '3501234567', 3378901234, 'manizales4@sucursal.com'),
(39, 'Santa Marta', 'Calle 25 # 20-25', '3512345678', 3389012345, 'santamarta4@sucursal.com'),
(40, 'Cúcuta', 'Carrera 10 # 30-35', '3523456789', 3390123456, 'cucuta4@sucursal.com'),
(41, 'Medellín', 'Avenida El Tesoro # 85-90', '3534567890', 3401234567, 'medellin5@sucursal.com'),
(42, 'Bogotá', 'Calle 7 # 25-35', '3545678901', 3412345678, 'bogota5@sucursal.com'),
(43, 'Cali', 'Carrera 25 # 80-90', '3556789012', 3423456789, 'cali5@sucursal.com'),
(44, 'Cartagena', 'Avenida 15 # 20-30', '3567890123', 3434567890, 'cartagena5@sucursal.com'),
(45, 'Barranquilla', 'Carrera 10 # 50-55', '3578901234', 3445678901, 'barranquilla5@sucursal.com'),
(46, 'Bucaramanga', 'Calle 30 # 10-15', '3589012345', 3456789012, 'bucaramanga5@sucursal.com'),
(47, 'Pereira', 'Avenida Los Alpes # 55-60', '3590123456', 3467890123, 'pereira5@sucursal.com'),
(48, 'Manizales', 'Carrera 6 # 10-20', '3601234567', 3478901234, 'manizales5@sucursal.com'),
(49, 'Santa Marta', 'Calle 18 # 30-40', '3612345678', 3489012345, 'santamarta5@sucursal.com'),
(50, 'Cúcuta', 'Carrera 50 # 10-20', '3623456789', 3490123456, 'cucuta5@sucursal.com'),
(51, 'Medellín', 'Calle 70 # 15-20', '3634567890', 3501234567, 'medellin6@sucursal.com'),
(52, 'Bogotá', 'Avenida Chile # 20-30', '3645678901', 3512345678, 'bogota6@sucursal.com'),
(53, 'Cali', 'Carrera 25 # 60-70', '3656789012', 3523456789, 'cali6@sucursal.com'),
(54, 'Cartagena', 'Calle del Puerto # 10-15', '3667890123', 3534567890, 'cartagena6@sucursal.com'),
(55, 'Barranquilla', 'Calle 25 # 45-50', '3678901234', 3545678901, 'barranquilla6@sucursal.com'),
(56, 'Bucaramanga', 'Avenida Los Leones # 40-45', '3689012345', 3556789012, 'bucaramanga6@sucursal.com'),
(57, 'Pereira', 'Calle 14 # 50-55', '3690123456', 3567890123, 'pereira6@sucursal.com'),
(58, 'Manizales', 'Avenida Las Palmas # 30-35', '3701234567', 3578901234, 'manizales6@sucursal.com'),
(59, 'Santa Marta', 'Calle 15 # 25-35', '3712345678', 3589012345, 'santamarta6@sucursal.com'),
(60, 'Cúcuta', 'Avenida Central # 35-40', '3723456789', 3590123456, 'cucuta6@sucursal.com'),
(61, 'Medellín', 'Calle 72 # 50-60', '3734567890', 3601234567, 'medellin7@sucursal.com'),
(62, 'Bogotá', 'Carrera 40 # 60-70', '3745678901', 3612345678, 'bogota7@sucursal.com'),
(63, 'Cali', 'Carrera 30 # 20-25', '3756789012', 3623456789, 'cali7@sucursal.com'),
(64, 'Cartagena', 'Calle 9 # 40-45', '3767890123', 3634567890, 'cartagena7@sucursal.com'),
(65, 'Barranquilla', 'Calle 10 # 15-20', '3778901234', 3645678901, 'barranquilla7@sucursal.com'),
(66, 'Bucaramanga', 'Calle 35 # 40-50', '3789012345', 3656789012, 'bucaramanga7@sucursal.com'),
(67, 'Pereira', 'Avenida 70 # 30-40', '3790123456', 3667890123, 'pereira7@sucursal.com'),
(68, 'Manizales', 'Carrera 12 # 20-25', '3801234567', 3678901234, 'manizales7@sucursal.com'),
(69, 'Santa Marta', 'Calle 11 # 40-45', '3812345678', 3689012345, 'santamarta7@sucursal.com'),
(70, 'Cúcuta', 'Carrera 15 # 20-25', '3823456789', 3690123456, 'cucuta7@sucursal.com'),
(71, 'Medellín', 'Calle 50 # 30-40', '3834567890', 3701234567, 'medellin8@sucursal.com'),
(72, 'Bogotá', 'Carrera 80 # 25-30', '3845678901', 3712345678, 'bogota8@sucursal.com'),
(73, 'Cali', 'Calle 10 # 50-60', '3856789012', 3723456789, 'cali8@sucursal.com'),
(74, 'Cartagena', 'Calle Real # 30-40', '3867890123', 3734567890, 'cartagena8@sucursal.com'),
(75, 'Barranquilla', 'Avenida del Río # 10-15', '3878901234', 3745678901, 'barranquilla8@sucursal.com'),
(76, 'Bucaramanga', 'Carrera 50 # 30-35', '3889012345', 3756789012, 'bucaramanga8@sucursal.com'),
(77, 'Pereira', 'Carrera 8 # 15-20', '3890123456', 3767890123, 'pereira8@sucursal.com'),
(78, 'Manizales', 'Avenida Las Palmas # 10-15', '3901234567', 3778901234, 'manizales8@sucursal.com'),
(79, 'Santa Marta', 'Avenida del Mar # 15-20', '3912345678', 3789012345, 'santamarta8@sucursal.com'),
(80, 'Cúcuta', 'Calle 18 # 30-35', '3923456789', 3790123456, 'cucuta8@sucursal.com'),
(81, 'Medellín', 'Carrera 18 # 50-55', '3934567890', 3801234567, 'medellin9@sucursal.com'),
(82, 'Bogotá', 'Avenida Norte # 10-15', '3945678901', 3812345678, 'bogota9@sucursal.com'),
(83, 'Cali', 'Carrera 40 # 10-20', '3956789012', 3823456789, 'cali9@sucursal.com'),
(84, 'Cartagena', 'Calle Real # 50-60', '3967890123', 3834567890, 'cartagena9@sucursal.com'),
(85, 'Barranquilla', 'Carrera 90 # 20-30', '3978901234', 3845678901, 'barranquilla9@sucursal.com'),
(86, 'Bucaramanga', 'Calle 23 # 40-50', '3989012345', 3856789012, 'bucaramanga9@sucursal.com'),
(87, 'Pereira', 'Avenida 9 # 50-60', '3990123456', 3867890123, 'pereira9@sucursal.com'),
(88, 'Manizales', 'Carrera 22 # 30-40', '4001234567', 3878901234, 'manizales9@sucursal.com'),
(89, 'Santa Marta', 'Avenida 30 # 10-20', '4012345678', 3889012345, 'santamarta9@sucursal.com'),
(90, 'Cúcuta', 'Carrera 9 # 50-60', '4023456789', 3890123456, 'cucuta9@sucursal.com'),
(91, 'Medellín', 'Carrera 40 # 10-15', '4034567890', 3901234567, 'medellin10@sucursal.com'),
(92, 'Bogotá', 'Avenida La Esperanza # 60-70', '4045678901', 3912345678, 'bogota10@sucursal.com'),
(93, 'Cali', 'Calle 70 # 50-60', '4056789012', 3923456789, 'cali10@sucursal.com'),
(94, 'Cartagena', 'Avenida del Mar # 30-40', '4067890123', 3934567890, 'cartagena10@sucursal.com'),
(95, 'Barranquilla', 'Calle del Sol # 15-20', '4078901234', 3945678901, 'barranquilla10@sucursal.com'),
(96, 'Bucaramanga', 'Carrera 90 # 30-40', '4089012345', 3956789012, 'bucaramanga10@sucursal.com'),
(97, 'Pereira', 'Avenida La Rosita # 40-50', '4090123456', 3967890123, 'pereira10@sucursal.com'),
(98, 'Manizales', 'Calle Real # 25-35', '4101234567', 3978901234, 'manizales10@sucursal.com'),
(99, 'Santa Marta', 'Calle Real # 60-70', '4112345678', 3989012345, 'santamarta10@sucursal.com'),
(100, 'Cúcuta', 'Carrera 50 # 10-20', '4123456789', 3990123456, 'cucuta10@sucursal.com');


INSERT INTO Empleados (idEmpleados, Nombre1, Nombre2, Apellido1, Apellido2, Cedula, Celular, Direccion, Ciudad_Residencia, Email, idSucursales) VALUES
(1, 'Carlos', 'Andrés', 'Ramírez', 'Gómez', 123456789, 3001234567, 'Calle 10 # 5-15', 'Bogotá', 'carlos.ramirez@empresa.com', 1),
(2, 'María', 'José', 'Martínez', 'Sánchez', 987654321, 3012345678, 'Carrera 30 # 10-20', 'Medellín', 'maria.martinez@empresa.com', 2),
(3, 'Juan', 'Carlos', 'Pérez', 'Gutiérrez', 456789123, 3023456789, 'Calle 50 # 25-30', 'Cali', 'juan.perez@empresa.com', 3),
(4, 'Ana', 'Lucía', 'González', 'Torres', 234567890, 3034567890, 'Avenida 60 # 15-20', 'Cartagena', 'ana.gonzalez@empresa.com', 4),
(5, 'Luis', 'Felipe', 'Lopez', 'Martínez', 345678901, 3045678901, 'Calle 80 # 25-30', 'Barranquilla', 'luis.lopez@empresa.com', 5),
(6, 'Pedro', 'Antonio', 'Hernández', 'Serrano', 876543210, 3056789012, 'Calle 90 # 30-35', 'Bucaramanga', 'pedro.hernandez@empresa.com', 6),
(7, 'Laura', 'Elena', 'Jiménez', 'Díaz', 567890123, 3067890123, 'Avenida 10 # 20-25', 'Pereira', 'laura.jimenez@empresa.com', 7),
(8, 'Felipe', 'José', 'Rodríguez', 'Mora', 678901234, 3078901234, 'Calle 25 # 30-35', 'Manizales', 'felipe.rodriguez@empresa.com', 8),
(9, 'Verónica', 'Beatriz', 'Castro', 'Figueroa', 789012345, 3089012345, 'Calle 50 # 20-25', 'Santa Marta', 'veronica.castro@empresa.com', 9),
(10, 'José', 'Luis', 'García', 'Ruiz', 890123456, 3090123456, 'Carrera 12 # 30-35', 'Cúcuta', 'jose.garcia@empresa.com', 10),
(11, 'Marta', 'Fernanda', 'Vargas', 'Paredes', 111223344, 3101234567, 'Avenida del Río # 5-10', 'Medellín', 'marta.vargas@empresa.com', 2),
(12, 'Roberto', 'Enrique', 'Silva', 'Calle', 223344556, 3112345678, 'Calle 60 # 10-15', 'Bogotá', 'roberto.silva@empresa.com', 1),
(13, 'Patricia', 'Elena', 'Romero', 'Alvarado', 334455667, 3123456789, 'Carrera 20 # 40-50', 'Cali', 'patricia.romero@empresa.com', 3),
(14, 'Ricardo', 'Antonio', 'Fernández', 'Vega', 445566778, 3134567890, 'Calle 35 # 15-25', 'Cartagena', 'ricardo.fernandez@empresa.com', 4),
(15, 'Sofía', 'María', 'González', 'Méndez', 556677889, 3145678901, 'Carrera 25 # 50-60', 'Barranquilla', 'sofia.gonzalez@empresa.com', 5),
(16, 'José', 'Eduardo', 'Ramírez', 'Valencia', 667788990, 3156789012, 'Avenida Las Palmas # 15-20', 'Bucaramanga', 'jose.ramirez@empresa.com', 6),
(17, 'Carmen', 'Isabel', 'Mora', 'Jiménez', 778899001, 3167890123, 'Calle 80 # 15-25', 'Pereira', 'carmen.mora@empresa.com', 7),
(18, 'Antonio', 'Manuel', 'Sánchez', 'Castillo', 889900112, 3178901234, 'Calle 40 # 25-30', 'Manizales', 'antonio.sanchez@empresa.com', 8),
(19, 'Claudia', 'Natalia', 'Soto', 'Ramos', 990011223, 3189012345, 'Carrera 30 # 40-50', 'Santa Marta', 'claudia.soto@empresa.com', 9),
(20, 'Carlos', 'Eduardo', 'Martínez', 'Córdoba', 102233445, 3190123456, 'Calle 15 # 25-30', 'Cúcuta', 'carlos.martinez@empresa.com', 10),
(21, 'Luis', 'Alberto', 'Sánchez', 'Medina', 223344556, 3201234567, 'Carrera 15 # 40-45', 'Medellín', 'luis.sanchez@empresa.com', 2),
(22, 'Elena', 'Patricia', 'Méndez', 'Reyes', 334455667, 3212345678, 'Avenida del Parque # 10-20', 'Bogotá', 'elena.mendez@empresa.com', 1),
(23, 'José', 'Antonio', 'González', 'Martínez', 445566778, 3223456789, 'Carrera 100 # 25-35', 'Cali', 'jose.gonzalez@empresa.com', 3),
(24, 'Sandra', 'Paola', 'Serrano', 'García', 556677889, 3234567890, 'Calle 90 # 35-40', 'Cartagena', 'sandra.serrano@empresa.com', 4),
(25, 'Juan', 'David', 'Jiménez', 'Ramírez', 667788990, 3245678901, 'Calle 25 # 30-35', 'Barranquilla', 'juan.jimenez@empresa.com', 5),
(26, 'Liliana', 'María', 'Torres', 'Paredes', 778899001, 3256789012, 'Carrera 55 # 45-50', 'Bucaramanga', 'liliana.torres@empresa.com', 6),
(27, 'Ricardo', 'Santiago', 'Vega', 'Cordero', 889900112, 3267890123, 'Calle 25 # 10-15', 'Pereira', 'ricardo.vega@empresa.com', 7),
(28, 'Gabriela', 'Natalia', 'Castaño', 'Mora', 990011223, 3278901234, 'Carrera 10 # 50-55', 'Manizales', 'gabriela.castano@empresa.com', 8),
(29, 'Mario', 'Luis', 'Díaz', 'Martínez', 102233445, 3289012345, 'Avenida del Sol # 15-20', 'Santa Marta', 'mario.diaz@empresa.com', 9),
(30, 'Patricia', 'María', 'Ruiz', 'Hernández', 223344556, 3290123456, 'Calle 20 # 40-45', 'Cúcuta', 'patricia.ruiz@empresa.com', 10),
(31, 'Fernando', 'Carlos', 'Alvarado', 'Vargas', 334455667, 3301234567, 'Calle 80 # 25-30', 'Medellín', 'fernando.alvarado@empresa.com', 2),
(32, 'Manuel', 'Antonio', 'Ríos', 'Pérez', 445566778, 3312345678, 'Carrera 60 # 15-25', 'Bogotá', 'manuel.rios@empresa.com', 1),
(33, 'Cecilia', 'Isabel', 'Serrano', 'Castillo', 556677889, 3323456789, 'Calle 90 # 30-40', 'Cali', 'cecilia.serrano@empresa.com', 3),
(34, 'David', 'José', 'Fernández', 'Jiménez', 667788990, 3334567890, 'Calle 100 # 40-45', 'Cartagena', 'david.fernandez@empresa.com', 4),
(35, 'Olga', 'María', 'Ramírez', 'Paredes', 778899001, 3345678901, 'Carrera 50 # 10-15', 'Barranquilla', 'olga.ramirez@empresa.com', 5),
(36, 'Carlos', 'Eduardo', 'Vega', 'González', 889900112, 3356789012, 'Avenida Las Palmas # 25-30', 'Bucaramanga', 'carlos.vega@empresa.com', 6),
(37, 'Raúl', 'Antonio', 'Díaz', 'Castro', 990011223, 3367890123, 'Calle 25 # 30-40', 'Pereira', 'raul.diaz@empresa.com', 7),
(38, 'Felipe', 'José', 'González', 'Méndez', 102233445, 3378901234, 'Calle 70 # 20-30', 'Manizales', 'felipe.gonzalez@empresa.com', 8),
(39, 'Sofía', 'Camila', 'Castro', 'Alvarado', 223344556, 3389012345, 'Calle Real # 15-20', 'Santa Marta', 'sofia.castro@empresa.com', 9),
(40, 'Martín', 'Javier', 'Hernández', 'Paredes', 334455667, 3390123456, 'Calle 35 # 50-55', 'Cúcuta', 'martin.hernandez@empresa.com', 10),
(41, 'Luis', 'Eduardo', 'Lozano', 'Ramos', 445566778, 3401234567, 'Carrera 12 # 5-10', 'Bogotá', 'luis.lozano@empresa.com', 1),
(42, 'María', 'Victoria', 'Morales', 'Castillo', 556677889, 3412345678, 'Avenida 10 # 15-20', 'Cali', 'maria.morales@empresa.com', 2),
(43, 'Carlos', 'Eduardo', 'Pérez', 'Torres', 667788990, 3423456789, 'Calle 15 # 25-30', 'Cartagena', 'carlos.perez@empresa.com', 3),
(44, 'Elena', 'Patricia', 'Vásquez', 'Méndez', 778899001, 3434567890, 'Carrera 70 # 30-35', 'Barranquilla', 'elena.vasquez@empresa.com', 4),
(45, 'José', 'Francisco', 'López', 'Serrano', 889900112, 3445678901, 'Calle 80 # 35-40', 'Bucaramanga', 'jose.lopez@empresa.com', 5),
(46, 'Ana', 'Maria', 'González', 'Ramírez', 990011223, 3456789012, 'Carrera 10 # 5-10', 'Pereira', 'ana.gonzalez@empresa.com', 6),
(47, 'Carlos', 'Alberto', 'Díaz', 'Torres', 102233445, 3467890123, 'Calle 35 # 20-25', 'Manizales', 'carlos.diaz@empresa.com', 7),
(48, 'Verónica', 'Fernanda', 'Sánchez', 'Cordero', 223344556, 3478901234, 'Calle Real # 10-15', 'Santa Marta', 'veronica.sanchez@empresa.com', 8),
(49, 'Carlos', 'Daniel', 'Martínez', 'Castro', 334455667, 3489012345, 'Avenida Central # 5-10', 'Cúcuta', 'carlos.martinez@empresa.com', 9),
(50, 'Lina', 'Carolina', 'Torres', 'Serrano', 445566778, 3490123456, 'Calle 25 # 15-20', 'Medellín', 'lina.torres@empresa.com', 2),
(51, 'Marta', 'Angélica', 'Ramírez', 'Serrano', 556677889, 3501234567, 'Carrera 80 # 40-45', 'Bogotá', 'marta.ramirez@empresa.com', 1),
(52, 'Juan', 'Carlos', 'Fernández', 'Méndez', 667788990, 3512345678, 'Avenida 10 # 15-20', 'Cali', 'juan.fernandez@empresa.com', 2),
(53, 'José', 'Luis', 'Vásquez', 'Cordero', 778899001, 3523456789, 'Carrera 30 # 25-30', 'Barranquilla', 'jose.vasquez@empresa.com', 3),
(54, 'Carmen', 'Elena', 'Mora', 'Castro', 889900112, 3534567890, 'Calle 50 # 10-15', 'Bucaramanga', 'carmen.mora@empresa.com', 4),
(55, 'Ana', 'Isabel', 'Cordero', 'González', 990011223, 3545678901, 'Carrera 20 # 40-45', 'Pereira', 'ana.cordero@empresa.com', 5),
(56, 'Laura', 'Verónica', 'Rodríguez', 'Gómez', 102233445, 3556789012, 'Avenida Las Palmas # 30-35', 'Manizales', 'laura.rodriguez@empresa.com', 6),
(57, 'Martín', 'Eduardo', 'Vega', 'Díaz', 223344556, 3567890123, 'Calle 10 # 25-30', 'Santa Marta', 'martin.vega@empresa.com', 7),
(58, 'Carlos', 'Manuel', 'Ramírez', 'Martínez', 334455667, 3578901234, 'Carrera 10 # 30-35', 'Cúcuta', 'carlos.ramirez@empresa.com', 8),
(59, 'Verónica', 'Elena', 'Jiménez', 'Serrano', 445566778, 3589012345, 'Calle 40 # 15-20', 'Medellín', 'veronica.jimenez@empresa.com', 9),
(60, 'Sofía', 'Lucía', 'González', 'Alvarado', 556677889, 3590123456, 'Carrera 60 # 5-10', 'Bogotá', 'sofia.gonzalez@empresa.com', 10),
(61, 'Gustavo', 'Raúl', 'Sánchez', 'Hernández', 667788990, 3601234567, 'Calle 75 # 40-45', 'Medellín', 'gustavo.sanchez@empresa.com', 2),
(62, 'Lucía', 'Isabel', 'Torres', 'Pérez', 778899001, 3612345678, 'Carrera 90 # 35-40', 'Bogotá', 'lucia.torres@empresa.com', 1),
(63, 'Enrique', 'Manuel', 'Gómez', 'Serrano', 889900112, 3623456789, 'Calle 40 # 25-30', 'Cali', 'enrique.gomez@empresa.com', 3),
(64, 'Sofía', 'Marina', 'Vega', 'Mendoza', 990011223, 3634567890, 'Carrera 10 # 20-25', 'Cartagena', 'sofia.vega@empresa.com', 4),
(65, 'Raúl', 'Esteban', 'Rodríguez', 'González', 102233445, 3645678901, 'Calle 35 # 50-55', 'Barranquilla', 'raul.rodriguez@empresa.com', 5),
(66, 'Carolina', 'Elena', 'Méndez', 'Vargas', 223344556, 3656789012, 'Calle 10 # 10-15', 'Bucaramanga', 'carolina.mendez@empresa.com', 6),
(67, 'Juan', 'Antonio', 'Serrano', 'Vásquez', 334455667, 3667890123, 'Avenida Las Palmas # 5-10', 'Pereira', 'juan.serrano@empresa.com', 7),
(68, 'Patricia', 'María', 'Castro', 'Mora', 445566778, 3678901234, 'Calle 15 # 25-30', 'Manizales', 'patricia.castro@empresa.com', 8),
(69, 'Ricardo', 'Eduardo', 'Torres', 'Paredes', 556677889, 3689012345, 'Calle 90 # 35-40', 'Santa Marta', 'ricardo.torres@empresa.com', 9),
(70, 'Laura', 'Beatriz', 'López', 'Serrano', 667788990, 3690123456, 'Calle Real # 5-10', 'Cúcuta', 'laura.lopez@empresa.com', 10),
(71, 'Carlos', 'David', 'Méndez', 'González', 778899001, 3701234567, 'Carrera 60 # 15-20', 'Medellín', 'carlos.mendez@empresa.com', 2),
(72, 'Daniela', 'Sofía', 'García', 'Jiménez', 889900112, 3712345678, 'Avenida 10 # 10-15', 'Bogotá', 'daniela.garcia@empresa.com', 1),
(73, 'José', 'Alfredo', 'Sánchez', 'Torres', 990011223, 3723456789, 'Calle 25 # 20-30', 'Cali', 'jose.sanchez@empresa.com', 3),
(74, 'Liliana', 'Isabel', 'Rodríguez', 'Paredes', 102233445, 3734567890, 'Calle 15 # 30-35', 'Cartagena', 'liliana.rodriguez@empresa.com', 4),
(75, 'Mauricio', 'Antonio', 'Hernández', 'Vega', 223344556, 3745678901, 'Calle 50 # 25-30', 'Barranquilla', 'mauricio.hernandez@empresa.com', 5),
(76, 'Alba', 'Marina', 'Ríos', 'Méndez', 334455667, 3756789012, 'Carrera 35 # 40-45', 'Bucaramanga', 'alba.rios@empresa.com', 6),
(77, 'Ramón', 'Eduardo', 'López', 'Castillo', 445566778, 3767890123, 'Calle 100 # 15-20', 'Pereira', 'ramon.lopez@empresa.com', 7),
(78, 'Héctor', 'Luis', 'Vásquez', 'Gómez', 556677889, 3778901234, 'Calle 10 # 40-45', 'Manizales', 'hector.vasquez@empresa.com', 8),
(79, 'Juliana', 'Sofía', 'Serrano', 'Castillo', 667788990, 3789012345, 'Avenida Las Palmas # 25-30', 'Santa Marta', 'juliana.serrano@empresa.com', 9),
(80, 'Rodrigo', 'Andrés', 'Mora', 'Ramírez', 778899001, 3790123456, 'Carrera 15 # 50-55', 'Cúcuta', 'rodrigo.mora@empresa.com', 10),
(81, 'Natalia', 'Isabel', 'Castro', 'Vega', 889900112, 3801234567, 'Calle 70 # 10-15', 'Medellín', 'natalia.castro@empresa.com', 2),
(82, 'Carlos', 'Alberto', 'López', 'González', 990011223, 3812345678, 'Carrera 20 # 35-40', 'Bogotá', 'carlos.lopez@empresa.com', 1),
(83, 'Felipe', 'José', 'Ríos', 'Mora', 223344556, 3823456789, 'Calle 35 # 20-25', 'Cali', 'felipe.rios@empresa.com', 3),
(84, 'Patricia', 'Angélica', 'Gómez', 'Torres', 334455667, 3834567890, 'Carrera 55 # 15-20', 'Cartagena', 'patricia.gomez@empresa.com', 4),
(85, 'Daniel', 'Luis', 'Méndez', 'Serrano', 445566778, 3845678901, 'Calle 15 # 10-15', 'Barranquilla', 'daniel.mendez@empresa.com', 5),
(86, 'Cristina', 'María', 'Vega', 'Jiménez', 556677889, 3856789012, 'Calle 90 # 25-30', 'Bucaramanga', 'cristina.vega@empresa.com', 6),
(87, 'David', 'Alejandro', 'Mora', 'González', 667788990, 3867890123, 'Carrera 40 # 30-35', 'Pereira', 'david.mora@empresa.com', 7),
(88, 'Ana', 'Lucía', 'Gómez', 'Serrano', 778899001, 3878901234, 'Avenida Central # 5-10', 'Manizales', 'ana.gomez@empresa.com', 8),
(89, 'Marco', 'Antonio', 'Martínez', 'Castro', 889900112, 3889012345, 'Calle 25 # 30-35', 'Santa Marta', 'marco.martinez@empresa.com', 9),
(90, 'Paola', 'Johana', 'García', 'Paredes', 990011223, 3890123456, 'Calle 100 # 45-50', 'Cúcuta', 'paola.garcia@empresa.com', 10),
(91, 'Sergio', 'Alberto', 'Vega', 'Díaz', 102233445, 3901234567, 'Calle 15 # 20-25', 'Medellín', 'sergio.vega@empresa.com', 2),
(92, 'Mónica', 'Fernanda', 'Rodríguez', 'Vásquez', 223344556, 3912345678, 'Carrera 30 # 25-30', 'Bogotá', 'monica.rodriguez@empresa.com', 1),
(93, 'Luis', 'Carlos', 'Serrano', 'Torres', 334455667, 3923456789, 'Avenida 10 # 35-40', 'Cali', 'luis.serrano@empresa.com', 3),
(94, 'Andrea', 'Lina', 'González', 'Méndez', 445566778, 3934567890, 'Calle 75 # 25-30', 'Cartagena', 'andrea.gonzalez@empresa.com', 4),
(95, 'Javier', 'Carlos', 'Mora', 'Jiménez', 556677889, 3945678901, 'Carrera 10 # 50-55', 'Barranquilla', 'javier.mora@empresa.com', 5),
(96, 'Pablo', 'Eduardo', 'Méndez', 'Serrano', 667788990, 3956789012, 'Calle 20 # 10-15', 'Bucaramanga', 'pablo.mendez@empresa.com', 6),
(97, 'Iván', 'Alejandro', 'Castro', 'Torres', 778899001, 3967890123, 'Carrera 60 # 15-20', 'Pereira', 'ivan.castro@empresa.com', 7),
(98, 'Liliana', 'Cristina', 'Sánchez', 'Paredes', 889900112, 3978901234, 'Calle Real # 30-35', 'Manizales', 'liliana.sanchez@empresa.com', 8),
(99, 'Ricardo', 'José', 'Ramírez', 'González', 990011223, 3989012345, 'Carrera 80 # 40-45', 'Santa Marta', 'ricardo.ramirez@empresa.com', 9),
(100, 'Miguel', 'Ángel', 'Romero', 'Martínez', 123498765, 3690123456, 'Carrera 55 # 35-40', 'Cali', 'miguel.romero@empresa.com', 10);


INSERT INTO Clientes (idClientes, Nombre1, Nombre2, Apellido1, Apellido2, Cedula, Celular, Direccion, Ciudad_Residencia, Email, idEmpleados) VALUES
(1, 'Juan', 'Carlos', 'González', 'Martínez', 123456789, 3001234567, 'Carrera 5 # 12-14', 'Medellín', 'juan.gonzalez@clientes.com', 1),
(2, 'Laura', 'Isabel', 'Martínez', 'Pérez', 223344556, 3012345678, 'Calle 10 # 35-40', 'Bogotá', 'laura.martinez@clientes.com', 2),
(3, 'Carlos', 'Alberto', 'Rodríguez', 'Serrano', 334455667, 3023456789, 'Avenida 50 # 10-15', 'Cali', 'carlos.rodriguez@clientes.com', 3),
(4, 'Marta', 'Beatriz', 'Gómez', 'Vásquez', 445566778, 3034567890, 'Calle 60 # 5-10', 'Barranquilla', 'marta.gomez@clientes.com', 4),
(5, 'José', 'Luis', 'Castro', 'Mora', 556677889, 3045678901, 'Carrera 12 # 30-35', 'Bucaramanga', 'jose.castro@clientes.com', 5),
(6, 'Sandra', 'María', 'Sánchez', 'Alvarez', 667788990, 3056789012, 'Calle Real # 50-55', 'Pereira', 'sandra.sanchez@clientes.com', 6),
(7, 'Carlos', 'Eduardo', 'Torres', 'Méndez', 778899001, 3067890123, 'Avenida Las Palmas # 15-20', 'Manizales', 'carlos.torres@clientes.com', 7),
(8, 'Patricia', 'Cristina', 'Vega', 'Castillo', 889900112, 3078901234, 'Calle 10 # 5-10', 'Santa Marta', 'patricia.vega@clientes.com', 8),
(9, 'Juan', 'David', 'López', 'García', 990011223, 3089012345, 'Carrera 50 # 25-30', 'Cúcuta', 'juan.lopez@clientes.com', 9),
(10, 'Verónica', 'Fernanda', 'Pérez', 'Ríos', 102233445, 3090123456, 'Calle 70 # 40-45', 'Medellín', 'veronica.perez@clientes.com', 10),
(11, 'Ricardo', 'José', 'Ramírez', 'Torres', 223344556, 3101234567, 'Carrera 10 # 20-25', 'Bogotá', 'ricardo.ramirez@clientes.com', 11),
(12, 'Carmen', 'Lucía', 'Méndez', 'Vega', 334455667, 3112345678, 'Calle 35 # 30-35', 'Cali', 'carmen.mendez@clientes.com', 12),
(13, 'Elena', 'Marina', 'González', 'Vásquez', 445566778, 3123456789, 'Avenida Las Palmas # 45-50', 'Barranquilla', 'elena.gonzalez@clientes.com', 13),
(14, 'Carlos', 'Eduardo', 'Martínez', 'Vega', 556677889, 3134567890, 'Calle 30 # 35-40', 'Bucaramanga', 'carlos.martinez@clientes.com', 14),
(15, 'Isabel', 'Beatriz', 'Ramírez', 'Mora', 667788990, 3145678901, 'Carrera 70 # 10-15', 'Pereira', 'isabel.ramirez@clientes.com', 15),
(16, 'José', 'Alfredo', 'Vásquez', 'Castillo', 778899001, 3156789012, 'Calle 10 # 25-30', 'Manizales', 'jose.vasquez@clientes.com', 16),
(17, 'Andrea', 'María', 'Torres', 'Méndez', 889900112, 3167890123, 'Carrera 25 # 40-45', 'Santa Marta', 'andrea.torres@clientes.com', 17),
(18, 'Luis', 'Carlos', 'González', 'Ríos', 990011223, 3178901234, 'Calle Real # 15-20', 'Cúcuta', 'luis.gonzalez@clientes.com', 18),
(19, 'Diana', 'Cristina', 'Castro', 'Torres', 102233445, 3189012345, 'Calle 25 # 30-35', 'Medellín', 'diana.castro@clientes.com', 19),
(20, 'Juan', 'Carlos', 'García', 'Hernández', 223344556, 3190123456, 'Carrera 50 # 5-10', 'Bogotá', 'juan.garcia@clientes.com', 20),
(21, 'Liliana', 'Isabel', 'Mora', 'Vásquez', 334455667, 3201234567, 'Calle 10 # 50-55', 'Cali', 'liliana.mora@clientes.com', 21),
(22, 'Patricia', 'Johana', 'Ramírez', 'Pérez', 445566778, 3212345678, 'Avenida 70 # 15-20', 'Barranquilla', 'patricia.ramirez@clientes.com', 22),
(23, 'Carlos', 'Antonio', 'Vega', 'Serrano', 556677889, 3223456789, 'Calle Real # 25-30', 'Bucaramanga', 'carlos.vega@clientes.com', 23),
(24, 'Sara', 'Beatriz', 'Torres', 'Martínez', 667788990, 3234567890, 'Calle 35 # 10-15', 'Pereira', 'sara.torres@clientes.com', 24),
(25, 'Ana', 'Sofía', 'Sánchez', 'Ríos', 778899001, 3245678901, 'Carrera 15 # 30-35', 'Manizales', 'ana.sanchez@clientes.com', 25),
(26, 'Felipe', 'David', 'Gómez', 'Mora', 889900112, 3256789012, 'Calle 50 # 15-20', 'Santa Marta', 'felipe.gomez@clientes.com', 26),
(27, 'Jorge', 'Luis', 'Méndez', 'Vásquez', 990011223, 3267890123, 'Carrera 60 # 25-30', 'Cúcuta', 'jorge.mendez@clientes.com', 27),
(28, 'Laura', 'Cristina', 'Vega', 'Serrano', 102233445, 3278901234, 'Calle 30 # 50-55', 'Medellín', 'laura.vega@clientes.com', 28),
(29, 'David', 'José', 'Martínez', 'Vásquez', 223344556, 3289012345, 'Avenida Central # 5-10', 'Bogotá', 'david.martinez@clientes.com', 29),
(30, 'Sandra', 'Elena', 'Castillo', 'Ramírez', 334455667, 3290123456, 'Calle 15 # 35-40', 'Cali', 'sandra.castillo@clientes.com', 30),
(31, 'Javier', 'Eduardo', 'González', 'Paredes', 445566778, 3301234567, 'Carrera 10 # 20-25', 'Barranquilla', 'javier.gonzalez@clientes.com', 31),
(32, 'Claudia', 'María', 'Serrano', 'Torres', 556677889, 3312345678, 'Calle Real # 40-45', 'Bucaramanga', 'claudia.serrano@clientes.com', 32),
(33, 'Carlos', 'José', 'Vásquez', 'Gómez', 667788990, 3323456789, 'Carrera 20 # 5-10', 'Pereira', 'carlos.vasquez@clientes.com', 33),
(34, 'Fernando', 'Alberto', 'Martínez', 'Mora', 778899001, 3334567890, 'Calle 50 # 25-30', 'Manizales', 'fernando.martinez@clientes.com', 34),
(35, 'Raúl', 'Antonio', 'Sánchez', 'Vega', 889900112, 3345678901, 'Avenida 10 # 40-45', 'Santa Marta', 'raul.sanchez@clientes.com', 35),
(36, 'Susana', 'Patricia', 'Torres', 'Ramírez', 990011223, 3356789012, 'Calle 25 # 10-15', 'Cúcuta', 'susana.torres@clientes.com', 36),
(37, 'Antonio', 'José', 'Gómez', 'Paredes', 102233445, 3367890123, 'Carrera 15 # 20-25', 'Medellín', 'antonio.gomez@clientes.com', 37),
(38, 'Ana', 'María', 'Vega', 'González', 223344556, 3378901234, 'Calle 30 # 35-40', 'Bogotá', 'ana.vega@clientes.com', 38),
(39, 'Felipe', 'Antonio', 'García', 'Méndez', 334455667, 3389012345, 'Carrera 45 # 50-55', 'Cali', 'felipe.garcia@clientes.com', 39),
(40, 'Héctor', 'Luis', 'Pérez', 'Vásquez', 445566778, 3390123456, 'Avenida 25 # 10-15', 'Barranquilla', 'hector.perez@clientes.com', 40),
(41, 'Lucía', 'Fernanda', 'Serrano', 'González', 556677889, 3401234567, 'Calle 10 # 15-20', 'Bucaramanga', 'lucia.serrano@clientes.com', 41),
(42, 'Luis', 'Carlos', 'Torres', 'Gómez', 667788990, 3412345678, 'Carrera 5 # 25-30', 'Pereira', 'luis.torres@clientes.com', 42),
(43, 'Verónica', 'Carmen', 'Sánchez', 'González', 778899001, 3423456789, 'Avenida 70 # 35-40', 'Manizales', 'veronica.sanchez@clientes.com', 43),
(44, 'Alberto', 'Antonio', 'Martínez', 'Paredes', 889900112, 3434567890, 'Calle 25 # 50-55', 'Santa Marta', 'alberto.martinez@clientes.com', 44),
(45, 'Olga', 'Beatriz', 'Castro', 'Vega', 990011223, 3445678901, 'Carrera 10 # 40-45', 'Cúcuta', 'olga.castro@clientes.com', 45),
(46, 'Francisco', 'Javier', 'Pérez', 'Ramírez', 102233445, 3456789012, 'Calle 30 # 10-15', 'Medellín', 'francisco.perez@clientes.com', 46),
(47, 'Sofía', 'Marina', 'Vega', 'Jiménez', 223344556, 3467890123, 'Carrera 50 # 20-25', 'Bogotá', 'sofia.vega@clientes.com', 47),
(48, 'Jorge', 'Luis', 'Sánchez', 'Méndez', 334455667, 3478901234, 'Calle 35 # 30-35', 'Cali', 'jorge.sanchez@clientes.com', 48),
(49, 'Patricia', 'Elena', 'Torres', 'Gómez', 445566778, 3489012345, 'Carrera 60 # 40-45', 'Barranquilla', 'patricia.torres@clientes.com', 49),
(50, 'Carlos', 'Eduardo', 'Vega', 'Serrano', 556677889, 3490123456, 'Calle Real # 15-20', 'Bucaramanga', 'carlos.vega@clientes.com', 50),
(51, 'Antonio', 'José', 'Gómez', 'Paredes', 667788990, 3501234567, 'Carrera 10 # 5-10', 'Pereira', 'antonio.gomez@clientes.com', 51),
(52, 'Ricardo', 'Antonio', 'Vásquez', 'Mora', 778899001, 3512345678, 'Avenida Las Palmas # 35-40', 'Manizales', 'ricardo.vasquez@clientes.com', 52),
(53, 'Sofía', 'Carmen', 'Rodríguez', 'Jiménez', 889900112, 3523456789, 'Calle 20 # 25-30', 'Santa Marta', 'sofia.rodriguez@clientes.com', 53),
(54, 'Eduardo', 'Antonio', 'Serrano', 'Méndez', 990011223, 3534567890, 'Calle 50 # 10-15', 'Cúcuta', 'eduardo.serrano@clientes.com', 54),
(55, 'Margarita', 'Fernanda', 'López', 'Gómez', 102233445, 3545678901, 'Carrera 15 # 40-45', 'Medellín', 'margarita.lopez@clientes.com', 55),
(56, 'Joaquín', 'Carlos', 'Martínez', 'Torres', 223344556, 3556789012, 'Calle Real # 50-55', 'Bogotá', 'joaquin.martinez@clientes.com', 56),
(57, 'Laura', 'Isabel', 'Pérez', 'Vega', 334455667, 3567890123, 'Carrera 10 # 30-35', 'Cali', 'laura.perez@clientes.com', 57),
(58, 'Juan', 'Carlos', 'Sánchez', 'Gómez', 445566778, 3578901234, 'Calle 35 # 5-10', 'Barranquilla', 'juan.sanchez@clientes.com', 58),
(59, 'Ricardo', 'José', 'Vega', 'Méndez', 556677889, 3589012345, 'Avenida 25 # 15-20', 'Bucaramanga', 'ricardo.vega@clientes.com', 59),
(60, 'Antonio', 'Carlos', 'Rodríguez', 'Mora', 667788990, 3590123456, 'Calle Real # 25-30', 'Pereira', 'antonio.rodriguez@clientes.com', 60),
(61, 'Elena', 'Victoria', 'Méndez', 'Ramírez', 778899001, 3601234567, 'Calle 20 # 40-45', 'Manizales', 'elena.mendez@clientes.com', 61),
(62, 'José', 'Luis', 'Torres', 'Serrano', 889900112, 3612345678, 'Avenida 70 # 5-10', 'Santa Marta', 'jose.torres@clientes.com', 62),
(63, 'Patricia', 'Sofía', 'Sánchez', 'González', 990011223, 3623456789, 'Carrera 30 # 10-15', 'Cúcuta', 'patricia.sanchez@clientes.com', 63),
(64, 'Margarita', 'Carmen', 'López', 'Vásquez', 102233445, 3634567890, 'Calle 40 # 15-20', 'Medellín', 'margarita.lopez@clientes.com', 64),
(65, 'Carlos', 'Eduardo', 'González', 'Mora', 223344556, 3645678901, 'Carrera 20 # 5-10', 'Bogotá', 'carlos.gonzalez@clientes.com', 65),
(66, 'Sofía', 'Paola', 'Vega', 'Serrano', 334455667, 3656789012, 'Avenida 50 # 25-30', 'Cali', 'sofia.vega@clientes.com', 66),
(67, 'Juan', 'Carlos', 'Gómez', 'Méndez', 445566778, 3667890123, 'Calle 15 # 10-15', 'Barranquilla', 'juan.gomez@clientes.com', 67),
(68, 'Lucía', 'Elena', 'Martínez', 'Torres', 556677889, 3678901234, 'Carrera 5 # 25-30', 'Bucaramanga', 'lucia.martinez@clientes.com', 68),
(69, 'Javier', 'Alejandro', 'Pérez', 'Ramírez', 667788990, 3689012345, 'Avenida 10 # 40-45', 'Pereira', 'javier.perez@clientes.com', 69),
(70, 'Carlos', 'Antonio', 'Castro', 'Serrano', 778899001, 3690123456, 'Calle Real # 15-20', 'Manizales', 'carlos.castro@clientes.com', 70),
(71, 'Verónica', 'Sofía', 'Ramírez', 'Méndez', 889900112, 3701234567, 'Calle 30 # 25-30', 'Santa Marta', 'veronica.ramirez@clientes.com', 71),
(72, 'Martín', 'José', 'González', 'Vega', 990011223, 3712345678, 'Carrera 10 # 10-15', 'Cúcuta', 'martin.gonzalez@clientes.com', 72),
(73, 'Isabel', 'Victoria', 'Sánchez', 'López', 102233445, 3723456789, 'Calle 15 # 40-45', 'Medellín', 'isabel.sanchez@clientes.com', 73),
(74, 'Alberto', 'José', 'Martínez', 'Serrano', 223344556, 3734567890, 'Carrera 30 # 20-25', 'Bogotá', 'alberto.martinez@clientes.com', 74),
(75, 'Sofía', 'Elena', 'Torres', 'Pérez', 334455667, 3745678901, 'Avenida 60 # 5-10', 'Cali', 'sofia.torres@clientes.com', 75),
(76, 'Eduardo', 'Luis', 'Gómez', 'Mora', 445566778, 3756789012, 'Calle 25 # 15-20', 'Barranquilla', 'eduardo.gomez@clientes.com', 76),
(77, 'Lina', 'Marina', 'Vega', 'Ramírez', 556677889, 3767890123, 'Carrera 50 # 25-30', 'Bucaramanga', 'lina.vega@clientes.com', 77),
(78, 'José', 'Carlos', 'López', 'Torres', 667788990, 3778901234, 'Calle Real # 30-35', 'Pereira', 'jose.lopez@clientes.com', 78),
(79, 'Patricia', 'Beatriz', 'Serrano', 'González', 778899001, 3789012345, 'Avenida 25 # 40-45', 'Manizales', 'patricia.serrano@clientes.com', 79),
(80, 'Luis', 'Fernando', 'Ramírez', 'Gómez', 889900112, 3790123456, 'Calle 35 # 10-15', 'Santa Marta', 'luis.ramirez@clientes.com', 80),
(81, 'Mónica', 'Alejandra', 'Vásquez', 'Torres', 990011223, 3801234567, 'Carrera 70 # 30-35', 'Cúcuta', 'monica.vasquez@clientes.com', 81),
(82, 'Juan', 'Carlos', 'Sánchez', 'Martínez', 102233445, 3812345678, 'Calle 25 # 10-15', 'Medellín', 'juan.sanchez@clientes.com', 82),
(83, 'Claudia', 'Isabel', 'Vega', 'González', 223344556, 3823456789, 'Carrera 15 # 30-35', 'Bogotá', 'claudia.vega@clientes.com', 83),
(84, 'Carlos', 'Antonio', 'Ramírez', 'Méndez', 334455667, 3834567890, 'Calle 10 # 20-25', 'Cali', 'carlos.ramirez@clientes.com', 84),
(85, 'Laura', 'Beatriz', 'Torres', 'Serrano', 445566778, 3845678901, 'Carrera 5 # 25-30', 'Barranquilla', 'laura.torres@clientes.com', 85),
(86, 'Marta', 'Isabel', 'Pérez', 'Ramírez', 556677889, 3856789012, 'Avenida 30 # 40-45', 'Bucaramanga', 'marta.perez@clientes.com', 86),
(87, 'Andrés', 'José', 'Martínez', 'Vega', 667788990, 3867890123, 'Calle Real # 10-15', 'Pereira', 'andres.martinez@clientes.com', 87),
(88, 'Jessica', 'Carolina', 'González', 'Serrano', 778899001, 3878901234, 'Carrera 20 # 25-30', 'Manizales', 'jessica.gonzalez@clientes.com', 88),
(89, 'Luis', 'Eduardo', 'Ramírez', 'Torres', 889900112, 3889012345, 'Avenida 15 # 10-15', 'Santa Marta', 'luis.ramirez@clientes.com', 89),
(90, 'Carlos', 'David', 'Sánchez', 'Vega', 990011223, 3890123456, 'Calle 35 # 20-25', 'Cúcuta', 'carlos.sanchez@clientes.com', 90),
(91, 'Ana', 'Cristina', 'Torres', 'López', 102233445, 3901234567, 'Carrera 50 # 15-20', 'Medellín', 'ana.torres@clientes.com', 91),
(92, 'Jorge', 'Carlos', 'Martínez', 'González', 223344556, 3912345678, 'Calle 10 # 40-45', 'Bogotá', 'jorge.martinez@clientes.com', 92),
(93, 'María', 'Elena', 'Vega', 'Serrano', 334455667, 3923456789, 'Carrera 60 # 5-10', 'Cali', 'maria.vega@clientes.com', 93),
(94, 'José', 'Luis', 'Ramírez', 'Martínez', 445566778, 3934567890, 'Avenida 10 # 35-40', 'Barranquilla', 'jose.ramirez@clientes.com', 94),
(95, 'Juliana', 'Marina', 'Serrano', 'González', 556677889, 3945678901, 'Calle Real # 50-55', 'Bucaramanga', 'juliana.serrano@clientes.com', 95),
(96, 'Javier', 'Antonio', 'Vega', 'Mora', 667788990, 3956789012, 'Carrera 25 # 30-35', 'Pereira', 'javier.vega@clientes.com', 96),
(97, 'Felipe', 'José', 'López', 'Sánchez', 778899001, 3967890123, 'Avenida 50 # 15-20', 'Manizales', 'felipe.lopez@clientes.com', 97),
(98, 'Ricardo', 'Marcos', 'Martínez', 'Torres', 889900112, 3978901234, 'Calle 10 # 25-30', 'Santa Marta', 'ricardo.martinez@clientes.com', 98),
(99, 'Alicia', 'Cristina', 'Vega', 'Ramírez', 990011223, 3989012345, 'Carrera 20 # 10-15', 'Cúcuta', 'alicia.vega@clientes.com', 99),
(100, 'Sofía', 'Paola', 'Pérez', 'Serrano', 102233445, 3990123456, 'Calle 30 # 25-30', 'Medellín', 'sofia.perez@clientes.com', 100);


INSERT INTO Vehiculos (idVehiculos, Tipo_Vehiculo, Modelo, Capacidad, Placa, Motor, Sunroof, Puertas, Color, Referencia, idClientes) VALUES
(1, 'Sedan', 2020, '5 Personas', 'ABC123', 'V6', 'Sí', 4, 'Negro', 'Toyota Corolla', 1),
(2, 'SUV', 2019, '7 Personas', 'XYZ456', 'V8', 'No', 5, 'Blanco', 'Honda Pilot', 2),
(3, 'Camioneta', 2021, '4 Personas', 'LMN789', 'V6', 'Sí', 4, 'Rojo', 'Ford Ranger', 3),
(4, 'Deportivo', 2022, '2 Personas', 'DEF234', 'V8', 'No', 2, 'Azul', 'Chevrolet Camaro', 4),
(5, 'Sedan', 2018, '5 Personas', 'GHI567', 'V4', 'Sí', 4, 'Plata', 'Nissan Altima', 5),
(6, 'SUV', 2020, '5 Personas', 'JKL890', 'V6', 'Sí', 4, 'Verde', 'Mazda CX-5', 6),
(7, 'Camioneta', 2019, '2 Personas', 'MNO123', 'V8', 'No', 2, 'Amarillo', 'Ram 1500', 7),
(8, 'Deportivo', 2021, '2 Personas', 'PQR456', 'V6', 'Sí', 2, 'Negro', 'Porsche 911', 8),
(9, 'Sedan', 2020, '5 Personas', 'STU789', 'V4', 'No', 4, 'Gris', 'Hyundai Elantra', 9),
(10, 'SUV', 2018, '7 Personas', 'VWX012', 'V8', 'Sí', 5, 'Blanco', 'Ford Expedition', 10),
(11, 'Camioneta', 2022, '4 Personas', 'YZA345', 'V6', 'Sí', 4, 'Rojo', 'Chevrolet Colorado', 11),
(12, 'Deportivo', 2020, '2 Personas', 'BCD678', 'V6', 'Sí', 2, 'Azul', 'Nissan Z', 12),
(13, 'Sedan', 2021, '5 Personas', 'EFG901', 'V4', 'No', 4, 'Negro', 'Kia Optima', 13),
(14, 'SUV', 2021, '7 Personas', 'HIJ234', 'V8', 'Sí', 5, 'Verde', 'Toyota Land Cruiser', 14),
(15, 'Camioneta', 2020, '2 Personas', 'KLM567', 'V6', 'No', 2, 'Blanco', 'GMC Sierra', 15),
(16, 'Deportivo', 2021, '2 Personas', 'NOP890', 'V8', 'Sí', 2, 'Rojo', 'Ferrari 488', 16),
(17, 'Sedan', 2019, '5 Personas', 'QRS123', 'V4', 'Sí', 4, 'Gris', 'Volkswagen Passat', 17),
(18, 'SUV', 2022, '5 Personas', 'TUV456', 'V6', 'No', 4, 'Plata', 'Jeep Grand Cherokee', 18),
(19, 'Camioneta', 2018, '4 Personas', 'WXY789', 'V8', 'Sí', 4, 'Amarillo', 'Toyota Tacoma', 19),
(20, 'Deportivo', 2020, '2 Personas', 'ZAB012', 'V6', 'Sí', 2, 'Negro', 'Aston Martin Vantage', 20),
(21, 'Sedan', 2021, '5 Personas', 'CDE345', 'V4', 'No', 4, 'Rojo', 'Honda Accord', 21),
(22, 'SUV', 2020, '7 Personas', 'FGH678', 'V8', 'Sí', 5, 'Azul', 'Chevrolet Tahoe', 22),
(23, 'Camioneta', 2019, '2 Personas', 'IJK901', 'V6', 'No', 2, 'Verde', 'Ram 2500', 23),
(24, 'Deportivo', 2022, '2 Personas', 'LMN234', 'V8', 'Sí', 2, 'Plata', 'Maserati GranTurismo', 24),
(25, 'Sedan', 2020, '5 Personas', 'OPQ567', 'V4', 'Sí', 4, 'Negro', 'Ford Fusion', 25),
(26, 'SUV', 2021, '5 Personas', 'RST890', 'V6', 'No', 4, 'Blanco', 'BMW X5', 26),
(27, 'Camioneta', 2021, '4 Personas', 'UVW123', 'V6', 'Sí', 4, 'Rojo', 'Ford F-150', 27),
(28, 'Deportivo', 2020, '2 Personas', 'XYZ456', 'V6', 'No', 2, 'Azul', 'Audi R8', 28),
(29, 'Sedan', 2018, '5 Personas', 'BCD789', 'V4', 'Sí', 4, 'Gris', 'Chevrolet Malibu', 29),
(30, 'SUV', 2019, '7 Personas', 'EFG012', 'V8', 'Sí', 5, 'Verde', 'Land Rover Discovery', 30),
(31, 'Camioneta', 2022, '2 Personas', 'HIJ345', 'V6', 'No', 2, 'Amarillo', 'Nissan Frontier', 31),
(32, 'Deportivo', 2019, '2 Personas', 'JKL678', 'V8', 'Sí', 2, 'Negro', 'Lamborghini Huracán', 32),
(33, 'Sedan', 2021, '5 Personas', 'MNO901', 'V4', 'No', 4, 'Plata', 'Mazda 6', 33),
(34, 'SUV', 2020, '5 Personas', 'PQR234', 'V6', 'Sí', 4, 'Rojo', 'Hyundai Santa Fe', 34),
(35, 'Camioneta', 2021, '4 Personas', 'STU567', 'V8', 'Sí', 4, 'Blanco', 'Toyota Tundra', 35),
(36, 'Deportivo', 2020, '2 Personas', 'VWX890', 'V6', 'No', 2, 'Rojo', 'BMW Z4', 36),
(37, 'Sedan', 2022, '5 Personas', 'YZA123', 'V4', 'Sí', 4, 'Verde', 'Honda Civic', 37),
(38, 'SUV', 2019, '7 Personas', 'BCD456', 'V8', 'No', 5, 'Azul', 'Kia Sorento', 38),
(39, 'Camioneta', 2022, '4 Personas', 'EFG789', 'V6', 'Sí', 4, 'Negro', 'Chevrolet Silverado', 39),
(40, 'Deportivo', 2021, '2 Personas', 'HIJ012', 'V8', 'Sí', 2, 'Gris', 'Jaguar F-Type', 40),
(41, 'Sedan', 2021, '5 Personas', 'KLM345', 'V4', 'Sí', 4, 'Plata', 'Subaru Legacy', 41),
(42, 'SUV', 2022, '5 Personas', 'NOP678', 'V6', 'No', 4, 'Verde', 'Volkswagen Tiguan', 42),
(43, 'Camioneta', 2021, '4 Personas', 'PQR901', 'V8', 'Sí', 4, 'Rojo', 'Ram 3500', 43),
(44, 'Deportivo', 2020, '2 Personas', 'STU234', 'V6', 'No', 2, 'Blanco', 'Tesla Roadster', 44),
(45, 'Sedan', 2020, '5 Personas', 'VWX567', 'V4', 'Sí', 4, 'Azul', 'Hyundai Sonata', 45),
(46, 'SUV', 2021, '5 Personas', 'XYZ890', 'V6', 'Sí', 4, 'Rojo', 'Ford Edge', 46),
(47, 'Camioneta', 2020, '4 Personas', 'ABC123', 'V8', 'No', 4, 'Gris', 'GMC Canyon', 47),
(48, 'Deportivo', 2021, '2 Personas', 'DEF456', 'V6', 'Sí', 2, 'Plata', 'Chevrolet Corvette', 48),
(49, 'Sedan', 2022, '5 Personas', 'GHI789', 'V4', 'Sí', 4, 'Negro', 'Kia Forte', 49),
(50, 'SUV', 2020, '7 Personas', 'JKL012', 'V8', 'Sí', 5, 'Blanco', 'Audi Q7', 50),
(51, 'Camioneta', 2019, '4 Personas', 'MNO345', 'V6', 'No', 4, 'Rojo', 'Toyota Hilux', 51),
(52, 'Deportivo', 2020, '2 Personas', 'PQR678', 'V8', 'Sí', 2, 'Azul', 'Ferrari 488', 52),
(53, 'Sedan', 2018, '5 Personas', 'RST901', 'V4', 'No', 4, 'Gris', 'Honda Accord', 53),
(54, 'SUV', 2021, '5 Personas', 'UVW234', 'V6', 'Sí', 4, 'Verde', 'Mazda CX-9', 54),
(55, 'Camioneta', 2022, '4 Personas', 'XYZ567', 'V8', 'Sí', 4, 'Plata', 'Ram 1500', 55),
(56, 'Deportivo', 2022, '2 Personas', 'BCD890', 'V6', 'No', 2, 'Rojo', 'Porsche 911', 56),
(57, 'Sedan', 2019, '5 Personas', 'EFG123', 'V4', 'Sí', 4, 'Negro', 'Nissan Altima', 57),
(58, 'SUV', 2022, '5 Personas', 'HIJ456', 'V6', 'No', 4, 'Azul', 'Toyota Highlander', 58),
(59, 'Camioneta', 2020, '2 Personas', 'KLM789', 'V8', 'Sí', 2, 'Gris', 'Chevrolet Silverado', 59),
(60, 'Deportivo', 2021, '2 Personas', 'NOP012', 'V6', 'No', 2, 'Amarillo', 'Maserati GranTurismo', 60),
(61, 'Sedan', 2021, '5 Personas', 'QRS345', 'V4', 'Sí', 4, 'Plata', 'Toyota Camry', 61),
(62, 'SUV', 2022, '7 Personas', 'TUV678', 'V8', 'Sí', 5, 'Blanco', 'Ford Bronco', 62),
(63, 'Camioneta', 2019, '4 Personas', 'WXY901', 'V6', 'Sí', 4, 'Negro', 'GMC Sierra', 63),
(64, 'Deportivo', 2020, '2 Personas', 'ZAB234', 'V8', 'No', 2, 'Verde', 'Ferrari F8', 64),
(65, 'Sedan', 2021, '5 Personas', 'CDE567', 'V4', 'Sí', 4, 'Rojo', 'Mazda 3', 65),
(66, 'SUV', 2019, '5 Personas', 'FGH890', 'V6', 'Sí', 4, 'Blanco', 'Kia Sportage', 66),
(67, 'Camioneta', 2020, '2 Personas', 'IJK123', 'V8', 'Sí', 2, 'Plata', 'Ford F-250', 67),
(68, 'Deportivo', 2021, '2 Personas', 'LMN456', 'V6', 'No', 2, 'Azul', 'Lamborghini Aventador', 68),
(69, 'Sedan', 2022, '5 Personas', 'OPQ789', 'V4', 'Sí', 4, 'Negro', 'BMW 3 Series', 69),
(70, 'SUV', 2019, '5 Personas', 'RST012', 'V6', 'Sí', 4, 'Rojo', 'Honda CR-V', 70),
(71, 'Camioneta', 2020, '4 Personas', 'UVW345', 'V8', 'Sí', 4, 'Gris', 'Nissan Titan', 71),
(72, 'Deportivo', 2021, '2 Personas', 'XYZ678', 'V6', 'Sí', 2, 'Plata', 'Audi TT', 72),
(73, 'Sedan', 2020, '5 Personas', 'BCD901', 'V4', 'Sí', 4, 'Azul', 'Hyundai Sonata', 73),
(74, 'SUV', 2022, '7 Personas', 'DEF234', 'V8', 'No', 5, 'Blanco', 'Chevrolet Suburban', 74),
(75, 'Camioneta', 2021, '4 Personas', 'GHI567', 'V6', 'Sí', 4, 'Rojo', 'Toyota 4Runner', 75),
(76, 'Deportivo', 2022, '2 Personas', 'JKL890', 'V8', 'Sí', 2, 'Gris', 'Porsche 911', 76),
(77, 'Sedan', 2021, '5 Personas', 'MNO123', 'V4', 'No', 4, 'Verde', 'Toyota Corolla', 77),
(78, 'SUV', 2020, '5 Personas', 'PQR456', 'V6', 'Sí', 4, 'Plata', 'BMW X3', 78),
(79, 'Camioneta', 2021, '2 Personas', 'STU789', 'V8', 'Sí', 2, 'Negro', 'Ram 3500', 79),
(80, 'Deportivo', 2020, '2 Personas', 'VWX012', 'V6', 'No', 2, 'Rojo', 'Chevrolet Corvette', 80),
(81, 'Sedan', 2022, '5 Personas', 'YZA345', 'V4', 'Sí', 4, 'Amarillo', 'Ford Fusion', 81),
(82, 'SUV', 2020, '5 Personas', 'BCD678', 'V6', 'Sí', 4, 'Gris', 'Volkswagen Tiguan', 82),
(83, 'Camioneta', 2021, '4 Personas', 'EFG901', 'V6', 'Sí', 4, 'Azul', 'Nissan Pathfinder', 83),
(84, 'Deportivo', 2020, '2 Personas', 'HIJ234', 'V8', 'Sí', 2, 'Plata', 'Maserati Levante', 84),
(85, 'Sedan', 2019, '5 Personas', 'KLM567', 'V4', 'Sí', 4, 'Negro', 'Hyundai Elantra', 85),
(86, 'SUV', 2021, '7 Personas', 'NOP890', 'V8', 'No', 5, 'Rojo', 'Land Rover Range Rover', 86),
(87, 'Camioneta', 2020, '4 Personas', 'PQR123', 'V6', 'Sí', 4, 'Gris', 'Chevrolet Colorado', 87),
(88, 'Deportivo', 2021, '2 Personas', 'STU456', 'V8', 'Sí', 2, 'Verde', 'Lamborghini Huracán', 88),
(89, 'Sedan', 2022, '5 Personas', 'VWX789', 'V4', 'No', 4, 'Rojo', 'Toyota Camry', 89),
(90, 'SUV', 2020, '5 Personas', 'XYZ012', 'V6', 'Sí', 4, 'Blanco', 'Mazda CX-5', 90),
(91, 'Camioneta', 2021, '4 Personas', 'BCD345', 'V8', 'Sí', 4, 'Amarillo', 'Ford F-250', 91),
(92, 'Deportivo', 2019, '2 Personas', 'EFG678', 'V6', 'No', 2, 'Azul', 'Chevrolet Camaro', 92),
(93, 'Sedan', 2021, '5 Personas', 'HIJ901', 'V4', 'Sí', 4, 'Plata', 'Honda Accord', 93),
(94, 'SUV', 2022, '5 Personas', 'JKL234', 'V6', 'Sí', 4, 'Rojo', 'Toyota RAV4', 94),
(95, 'Camioneta', 2020, '4 Personas', 'MNO567', 'V6', 'Sí', 4, 'Blanco', 'Ram 1500', 95),
(96, 'Deportivo', 2021, '2 Personas', 'PQR890', 'V8', 'No', 2, 'Negro', 'Ferrari 812', 96),
(97, 'Sedan', 2022, '5 Personas', 'STU123', 'V4', 'Sí', 4, 'Amarillo', 'BMW 5 Series', 97),
(98, 'SUV', 2020, '5 Personas', 'VWX456', 'V6', 'No', 4, 'Verde', 'Kia Sorento', 98),
(99, 'Camioneta', 2021, '4 Personas', 'YZA789', 'V8', 'Sí', 4, 'Gris', 'Chevrolet Silverado', 99),
(100, 'Deportivo', 2021, '2 Personas', 'BCD012', 'V6', 'No', 2, 'Rojo', 'Porsche 718', 100);


INSERT INTO Alquileres (IdAlquileres, Fecha_Salida, Fecha_Llegada, Fecha_Esperada_Llegada, Valor_Alquiler_Semana, Valor_Alquiler_Dia, Valor_Cotizado, Valor_Pagado, idSucursales, idEmpleados, idSucursal_Llegada, idSucursal_Salida, idVehiculos) VALUES
(1, '2024-01-01', '2024-01-07', '2024-01-08', 1400000, 200000, 1500000, 1450000, 1, 1, 2, 1, 1),
(2, '2024-02-15', '2024-02-20', '2024-02-21', 800000, 160000, 880000, 850000, 2, 2, 3, 2, 2),
(3, '2024-03-10', '2024-03-15', '2024-03-16', 2000000, 300000, 2200000, 2100000, 3, 3, 4, 3, 3),
(4, '2024-04-05', '2024-04-12', '2024-04-13', 1800000, 260000, 1920000, 1880000, 4, 4, 5, 4, 4),
(5, '2024-05-20', '2024-05-27', '2024-05-28', 1200000, 240000, 1300000, 1250000, 5, 5, 6, 5, 5),
(6, '2024-06-15', '2024-06-20', '2024-06-21', 880000, 180000, 960000, 920000, 6, 6, 7, 6, 6),
(7, '2024-07-01', '2024-07-07', '2024-07-08', 1600000, 240000, 1680000, 1640000, 7, 7, 8, 7, 7),
(8, '2024-08-10', '2024-08-14', '2024-08-15', 1520000, 220000, 1600000, 1580000, 8, 8, 9, 8, 8),
(9, '2024-09-01', '2024-09-07', '2024-09-08', 2000000, 280000, 2160000, 2100000, 9, 9, 10, 9, 9),
(10, '2024-10-05', '2024-10-12', '2024-10-13', 1000000, 200000, 1080000, 1040000, 10, 10, 1, 10, 10),
(11, '2024-01-20', '2024-01-25', '2024-01-26', 1520000, 220000, 1600000, 1580000, 11, 11, 2, 11, 11),
(12, '2024-02-01', '2024-02-05', '2024-02-06', 1200000, 200000, 1280000, 1250000, 12, 12, 3, 12, 12),
(13, '2024-03-20', '2024-03-25', '2024-03-26', 1800000, 260000, 1920000, 1880000, 13, 13, 4, 13, 13),
(14, '2024-04-10', '2024-04-15', '2024-04-16', 1300000, 240000, 1400000, 1360000, 14, 14, 5, 14, 14),
(15, '2024-05-30', '2024-06-06', '2024-06-07', 1440000, 260000, 1536000, 1500000, 15, 15, 6, 15, 15),
(16, '2024-06-01', '2024-06-07', '2024-06-08', 2200000, 350000, 2400000, 2350000, 16, 16, 7, 16, 16),
(17, '2024-07-15', '2024-07-22', '2024-07-23', 800000, 180000, 880000, 850000, 17, 17, 8, 17, 17),
(18, '2024-08-05', '2024-08-12', '2024-08-13', 2000000, 300000, 2200000, 2100000, 18, 18, 9, 18, 18),
(19, '2024-09-10', '2024-09-17', '2024-09-18', 1200000, 240000, 1300000, 1250000, 19, 19, 10, 19, 19),
(20, '2024-10-01', '2024-10-07', '2024-10-08', 1600000, 240000, 1680000, 1640000, 20, 20, 1, 20, 20),
(21, '2024-01-15', '2024-01-20', '2024-01-21', 880000, 160000, 960000, 920000, 1, 21, 2, 1, 21),
(22, '2024-02-10', '2024-02-15', '2024-02-16', 1800000, 260000, 1920000, 1880000, 2, 22, 3, 2, 22),
(23, '2024-03-05', '2024-03-12', '2024-03-13', 800000, 160000, 880000, 850000, 3, 23, 4, 3, 23),
(24, '2024-04-25', '2024-04-30', '2024-05-01', 2200000, 350000, 2400000, 2350000, 4, 24, 5, 4, 24),
(25, '2024-05-15', '2024-05-20', '2024-05-21', 1200000, 200000, 1280000, 1250000, 5, 25, 6, 5, 25),
(26, '2024-06-12', '2024-06-19', '2024-06-20', 1600000, 240000, 1680000, 1640000, 6, 26, 7, 6, 26),
(27, '2024-07-03', '2024-07-10', '2024-07-11', 1520000, 220000, 1600000, 1580000, 7, 27, 8, 7, 27),
(28, '2024-08-15', '2024-08-20', '2024-08-21', 2000000, 300000, 2200000, 2100000, 8, 28, 9, 8, 28),
(29, '2024-09-25', '2024-10-02', '2024-10-03', 1800000, 260000, 1920000, 1880000, 9, 29, 10, 9, 29),
(30, '2024-10-15', '2024-10-22', '2024-10-23', 880000, 160000, 960000, 920000, 10, 30, 1, 10, 30),
(31, '2024-01-10', '2024-01-17', '2024-01-18', 1400000, 200000, 1500000, 1450000, 1, 31, 2, 1, 31),
(32, '2024-02-20', '2024-02-27', '2024-02-28', 1200000, 200000, 1280000, 1250000, 2, 32, 3, 2, 32),
(33, '2024-03-15', '2024-03-22', '2024-03-23', 1800000, 260000, 1920000, 1880000, 3, 33, 4, 3, 33),
(34, '2024-04-10', '2024-04-17', '2024-04-18', 2200000, 350000, 2400000, 2350000, 4, 34, 5, 4, 34),
(35, '2024-05-02', '2024-05-09', '2024-05-10', 1600000, 240000, 1680000, 1640000, 5, 35, 6, 5, 35),
(36, '2024-06-25', '2024-07-02', '2024-07-03', 1200000, 200000, 1280000, 1250000, 6, 36, 7, 6, 36),
(37, '2024-07-11', '2024-07-18', '2024-07-19', 880000, 160000, 960000, 920000, 7, 37, 8, 7, 37),
(38, '2024-08-04', '2024-08-11', '2024-08-12', 1400000, 200000, 1500000, 1450000, 8, 38, 9, 8, 38),
(39, '2024-09-15', '2024-09-22', '2024-09-23', 1600000, 240000, 1680000, 1640000, 9, 39, 10, 9, 39),
(40, '2024-10-12', '2024-10-19', '2024-10-20', 2000000, 300000, 2200000, 2100000, 10, 40, 1, 10, 40),
(41, '2024-01-30', '2024-02-06', '2024-02-07', 2200000, 350000, 2400000, 2350000, 1, 41, 2, 1, 41),
(42, '2024-02-25', '2024-03-03', '2024-03-04', 800000, 160000, 880000, 850000, 2, 42, 3, 2, 42),
(43, '2024-03-02', '2024-03-09', '2024-03-10', 1800000, 260000, 1920000, 1880000, 3, 43, 4, 3, 43),
(44, '2024-04-10', '2024-04-17', '2024-04-18', 1200000, 240000, 1300000, 1250000, 4, 44, 5, 4, 44),
(45, '2024-05-06', '2024-05-13', '2024-05-14', 1600000, 240000, 1680000, 1640000, 5, 45, 6, 5, 45),
(46, '2024-06-01', '2024-06-08', '2024-06-09', 1400000, 200000, 1500000, 1450000, 6, 46, 7, 6, 46),
(47, '2024-07-25', '2024-08-01', '2024-08-02', 2200000, 350000, 2400000, 2350000, 7, 47, 8, 7, 47),
(48, '2024-08-05', '2024-08-12', '2024-08-13', 1000000, 200000, 1080000, 1050000, 8, 48, 9, 8, 48),
(49, '2024-09-01', '2024-09-08', '2024-09-09', 1200000, 240000, 1300000, 1250000, 9, 49, 10, 9, 49),
(50, '2024-10-01', '2024-10-08', '2024-10-09', 1600000, 240000, 1680000, 1640000, 10, 50, 1, 10, 50),
(51, '2024-01-10', '2024-01-17', '2024-01-18', 2000000, 300000, 2200000, 2100000, 1, 51, 2, 1, 51),
(52, '2024-02-14', '2024-02-21', '2024-02-22', 1800000, 260000, 1920000, 1880000, 2, 52, 3, 2, 52),
(53, '2024-03-18', '2024-03-25', '2024-03-26', 880000, 160000, 960000, 920000, 3, 53, 4, 3, 53),
(54, '2024-04-01', '2024-04-08', '2024-04-09', 1400000, 200000, 1500000, 1450000, 4, 54, 5, 4, 54),
(55, '2024-05-10', '2024-05-17', '2024-05-18', 1600000, 240000, 1680000, 1640000, 5, 55, 6, 5, 55),
(56, '2024-06-15', '2024-06-22', '2024-06-23', 2000000, 300000, 2200000, 2100000, 6, 56, 7, 6, 56),
(57, '2024-07-01', '2024-07-08', '2024-07-09', 2200000, 350000, 2400000, 2350000, 7, 57, 8, 7, 57),
(58, '2024-08-20', '2024-08-27', '2024-08-28', 1800000, 260000, 1920000, 1880000, 8, 58, 9, 8, 58),
(59, '2024-09-10', '2024-09-17', '2024-09-18', 1200000, 240000, 1300000, 1250000, 9, 59, 10, 9, 59),
(60, '2024-10-15', '2024-10-22', '2024-10-23', 1000000, 200000, 1080000, 1050000, 10, 60, 1, 10, 60),
(61, '2024-01-01', '2024-01-08', '2024-01-09', 2000000, 300000, 2200000, 2100000, 1, 61, 2, 1, 61),
(62, '2024-02-05', '2024-02-12', '2024-02-13', 1800000, 260000, 1920000, 1880000, 2, 62, 3, 2, 62),
(63, '2024-03-05', '2024-03-12', '2024-03-13', 880000, 160000, 960000, 920000, 3, 63, 4, 3, 63),
(64, '2024-04-01', '2024-04-08', '2024-04-09', 1600000, 240000, 1680000, 1640000, 4, 64, 5, 4, 64),
(65, '2024-05-15', '2024-05-22', '2024-05-23', 1400000, 200000, 1500000, 1450000, 5, 65, 6, 5, 65),
(66, '2024-06-10', '2024-06-17', '2024-06-18', 2200000, 350000, 2400000, 2350000, 6, 66, 7, 6, 66),
(67, '2024-07-20', '2024-07-27', '2024-07-28', 1800000, 260000, 1920000, 1880000, 7, 67, 8, 7, 67),
(68, '2024-08-12', '2024-08-19', '2024-08-20', 1200000, 240000, 1300000, 1250000, 8, 68, 9, 8, 68),
(69, '2024-09-01', '2024-09-08', '2024-09-09', 1600000, 240000, 1680000, 1640000, 9, 69, 10, 9, 69),
(70, '2024-10-01', '2024-10-08', '2024-10-09', 2200000, 350000, 2400000, 2350000, 10, 70, 1, 10, 70),
(71, '2024-01-10', '2024-01-17', '2024-01-18', 1000000, 200000, 1080000, 1050000, 1, 71, 2, 1, 71),
(72, '2024-02-14', '2024-02-21', '2024-02-22', 2000000, 300000, 2200000, 2100000, 2, 72, 3, 2, 72),
(73, '2024-03-18', '2024-03-25', '2024-03-26', 1800000, 260000, 1920000, 1880000, 3, 73, 4, 3, 73),
(74, '2024-04-20', '2024-04-27', '2024-04-28', 1200000, 240000, 1300000, 1250000, 4, 74, 5, 4, 74),
(75, '2024-05-05', '2024-05-12', '2024-05-13', 1600000, 240000, 1680000, 1640000, 5, 75, 6, 5, 75),
(76, '2024-06-22', '2024-06-29', '2024-06-30', 2000000, 300000, 2200000, 2100000, 6, 76, 7, 6, 76),
(77, '2024-07-15', '2024-07-22', '2024-07-23', 2200000, 350000, 2400000, 2350000, 7, 77, 8, 7, 77),
(78, '2024-08-25', '2024-09-01', '2024-09-02', 1800000, 260000, 1920000, 1880000, 8, 78, 9, 8, 78),
(79, '2024-09-18', '2024-09-25', '2024-09-26', 1400000, 200000, 1500000, 1450000, 9, 79, 10, 9, 79),
(80, '2024-10-10', '2024-10-17', '2024-10-18', 1600000, 240000, 1680000, 1640000, 10, 80, 1, 10, 80),
(81, '2024-01-20', '2024-01-27', '2024-01-28', 2200000, 350000, 2400000, 2350000, 1, 81, 2, 1, 81),
(82, '2024-02-22', '2024-02-29', '2024-03-01', 1200000, 240000, 1300000, 1250000, 2, 82, 3, 2, 82),
(83, '2024-03-30', '2024-04-06', '2024-04-07', 1000000, 200000, 1080000, 1050000, 3, 83, 4, 3, 83),
(84, '2024-04-15', '2024-04-22', '2024-04-23', 2000000, 300000, 2200000, 2100000, 4, 84, 5, 4, 84),
(85, '2024-05-30', '2024-06-06', '2024-06-07', 1800000, 260000, 1920000, 1880000, 5, 85, 6, 5, 85),
(86, '2024-06-07', '2024-06-14', '2024-06-15', 1400000, 200000, 1500000, 1450000, 6, 86, 7, 6, 86),
(87, '2024-07-18', '2024-07-25', '2024-07-26', 2200000, 350000, 2400000, 2350000, 7, 87, 8, 7, 87),
(88, '2024-08-02', '2024-08-09', '2024-08-10', 1800000, 260000, 1920000, 1880000, 8, 88, 9, 8, 88),
(89, '2024-09-05', '2024-09-12', '2024-09-13', 1200000, 240000, 1300000, 1250000, 9, 89, 10, 9, 89),
(90, '2024-10-05', '2024-10-12', '2024-10-13', 1600000, 240000, 1680000, 1640000, 10, 90, 1, 10, 90),
(91, '2024-01-07', '2024-01-14', '2024-01-15', 2200000, 350000, 2400000, 2350000, 1, 91, 2, 1, 91),
(92, '2024-02-10', '2024-02-17', '2024-02-18', 1200000, 240000, 1300000, 1250000, 2, 92, 3, 2, 92),
(93, '2024-03-22', '2024-03-29', '2024-03-30', 1000000, 200000, 1080000, 1050000, 3, 93, 4, 3, 93),
(94, '2024-04-05', '2024-04-12', '2024-04-13', 2000000, 300000, 2200000, 2100000, 4, 94, 5, 4, 94),
(95, '2024-05-18', '2024-05-25', '2024-05-26', 1800000, 260000, 1920000, 1880000, 5, 95, 6, 5, 95),
(96, '2024-06-28', '2024-07-05', '2024-07-06', 1400000, 200000, 1500000, 1450000, 6, 96, 7, 6, 96),
(97, '2024-07-30', '2024-08-06', '2024-08-07', 2200000, 350000, 2400000, 2350000, 7, 97, 8, 7, 97),
(98, '2024-08-10', '2024-08-17', '2024-08-18', 1800000, 260000, 1920000, 1880000, 8, 98, 9, 8, 98),
(99, '2024-09-20', '2024-09-27', '2024-09-28', 1200000, 240000, 1300000, 1250000, 9, 99, 10, 9, 99),
(100, '2024-10-18', '2024-10-25', '2024-10-26', 1600000, 240000, 1680000, 1640000, 10, 100, 1, 10, 100);


INSERT INTO Retraso (idRetraso, Dias_Retraso, Porcentaje_Dias_Retraso, idVehiculos, IdAlquileres) VALUES
(1, 2, '10%', 1, 1),
(2, 3, '15%', 2, 2),
(3, 5, '25%', 3, 3),
(4, 1, '5%', 4, 4),
(5, 4, '20%', 5, 5),
(6, 6, '30%', 6, 6),
(7, 7, '35%', 7, 7),
(8, 10, '50%', 8, 8),
(9, 8, '40%', 9, 9),
(10, 12, '60%', 10, 10),
(11, 1, '5%', 11, 11),
(12, 3, '15%', 12, 12),
(13, 4, '20%', 13, 13),
(14, 2, '10%', 14, 14),
(15, 6, '30%', 15, 15),
(16, 5, '25%', 16, 16),
(17, 7, '35%', 17, 17),
(18, 9, '45%', 18, 18),
(19, 8, '40%', 19, 19),
(20, 10, '50%', 20, 20),
(21, 2, '10%', 21, 21),
(22, 5, '25%', 22, 22),
(23, 6, '30%', 23, 23),
(24, 1, '5%', 24, 24),
(25, 4, '20%', 25, 25),
(26, 3, '15%', 26, 26),
(27, 2, '10%', 27, 27),
(28, 7, '35%', 28, 28),
(29, 8, '40%', 29, 29),
(30, 12, '60%', 30, 30),
(31, 9, '45%', 31, 31),
(32, 1, '5%', 32, 32),
(33, 6, '30%', 33, 33),
(34, 3, '15%', 34, 34),
(35, 4, '20%', 35, 35),
(36, 5, '25%', 36, 36),
(37, 7, '35%', 37, 37),
(38, 2, '10%', 38, 38),
(39, 8, '40%', 39, 39),
(40, 1, '5%', 40, 40),
(41, 3, '15%', 41, 41),
(42, 6, '30%', 42, 42),
(43, 5, '25%', 43, 43),
(44, 7, '35%', 44, 44),
(45, 4, '20%', 45, 45),
(46, 2, '10%', 46, 46),
(47, 9, '45%', 47, 47),
(48, 10, '50%', 48, 48),
(49, 3, '15%', 49, 49),
(50, 4, '20%', 50, 50),
(51, 6, '30%', 51, 51),
(52, 5, '25%', 52, 52),
(53, 2, '10%', 53, 53),
(54, 7, '35%', 54, 54),
(55, 8, '40%', 55, 55),
(56, 9, '45%', 56, 56),
(57, 12, '60%', 57, 57),
(58, 10, '50%', 58, 58),
(59, 1, '5%', 59, 59),
(60, 3, '15%', 60, 60),
(61, 4, '20%', 61, 61),
(62, 7, '35%', 62, 62),
(63, 2, '10%', 63, 63),
(64, 5, '25%', 64, 64),
(65, 6, '30%', 65, 65),
(66, 3, '15%', 66, 66),
(67, 4, '20%', 67, 67),
(68, 8, '40%', 68, 68),
(69, 10, '50%', 69, 69),
(70, 7, '35%', 70, 70),
(71, 5, '25%', 71, 71),
(72, 6, '30%', 72, 72),
(73, 8, '40%', 73, 73),
(74, 9, '45%', 74, 74),
(75, 2, '10%', 75, 75),
(76, 4, '20%', 76, 76),
(77, 1, '5%', 77, 77),
(78, 7, '35%', 78, 78),
(79, 10, '50%', 79, 79),
(80, 6, '30%', 80, 80),
(81, 3, '15%', 81, 81),
(82, 9, '45%', 82, 82),
(83, 5, '25%', 83, 83),
(84, 8, '40%', 84, 84),
(85, 7, '35%', 85, 85),
(86, 6, '30%', 86, 86),
(87, 9, '45%', 87, 87),
(88, 12, '60%', 88, 88),
(89, 10, '50%', 89, 89),
(90, 1, '5%', 90, 90),
(91, 3, '15%', 91, 91),
(92, 2, '10%', 92, 92),
(93, 4, '20%', 93, 93),
(94, 6, '30%', 94, 94),
(95, 8, '40%', 95, 95),
(96, 7, '35%', 96, 96),
(97, 1, '5%', 97, 97),
(98, 5, '25%', 98, 98),
(99, 3, '15%', 99, 99),
(100, 2, '10%', 100, 100);


INSERT INTO Descuentos (idDescuentos, Fecha_Inicio_Dto, Fecha_Finalizacion_Dto, Porcentaje_Descuento, idClientes, idAlquileres) VALUES
(1, '2024-01-01', '2024-01-10', '10%', 1, 1),
(2, '2024-01-05', '2024-01-15', '15%', 2, 2),
(3, '2024-02-01', '2024-02-07', '20%', 3, 3),
(4, '2024-02-10', '2024-02-17', '25%', 4, 4),
(5, '2024-03-01', '2024-03-10', '30%', 5, 5),
(6, '2024-03-05', '2024-03-15', '5%', 6, 6),
(7, '2024-04-01', '2024-04-07', '10%', 7, 7),
(8, '2024-04-10', '2024-04-17', '15%', 8, 8),
(9, '2024-05-01', '2024-05-10', '20%', 9, 9),
(10, '2024-05-05', '2024-05-12', '25%', 10, 10),
(11, '2024-06-01', '2024-06-07', '30%', 11, 11),
(12, '2024-06-10', '2024-06-17', '5%', 12, 12),
(13, '2024-07-01', '2024-07-10', '10%', 13, 13),
(14, '2024-07-05', '2024-07-12', '15%', 14, 14),
(15, '2024-08-01', '2024-08-07', '20%', 15, 15),
(16, '2024-08-10', '2024-08-17', '25%', 16, 16),
(17, '2024-09-01', '2024-09-07', '30%', 17, 17),
(18, '2024-09-05', '2024-09-12', '5%', 18, 18),
(19, '2024-10-01', '2024-10-07', '10%', 19, 19),
(20, '2024-10-05', '2024-10-12', '15%', 20, 20),
(21, '2024-11-01', '2024-11-07', '20%', 21, 21),
(22, '2024-11-05', '2024-11-12', '25%', 22, 22),
(23, '2024-12-01', '2024-12-07', '30%', 23, 23),
(24, '2024-12-10', '2024-12-17', '5%', 24, 24),
(25, '2024-01-10', '2024-01-15', '10%', 25, 25),
(26, '2024-01-15', '2024-01-22', '15%', 26, 26),
(27, '2024-02-05', '2024-02-12', '20%', 27, 27),
(28, '2024-02-15', '2024-02-22', '25%', 28, 28),
(29, '2024-03-10', '2024-03-17', '30%', 29, 29),
(30, '2024-03-15', '2024-03-22', '5%', 30, 30),
(31, '2024-04-01', '2024-04-08', '10%', 31, 31),
(32, '2024-04-12', '2024-04-19', '15%', 32, 32),
(33, '2024-05-01', '2024-05-08', '20%', 33, 33),
(34, '2024-05-10', '2024-05-17', '25%', 34, 34),
(35, '2024-06-01', '2024-06-08', '30%', 35, 35),
(36, '2024-06-05', '2024-06-12', '5%', 36, 36),
(37, '2024-07-01', '2024-07-08', '10%', 37, 37),
(38, '2024-07-08', '2024-07-15', '15%', 38, 38),
(39, '2024-08-05', '2024-08-12', '20%', 39, 39),
(40, '2024-08-10', '2024-08-17', '25%', 40, 40),
(41, '2024-09-01', '2024-09-08', '30%', 41, 41),
(42, '2024-09-12', '2024-09-19', '5%', 42, 42),
(43, '2024-10-01', '2024-10-08', '10%', 43, 43),
(44, '2024-10-05', '2024-10-12', '15%', 44, 44),
(45, '2024-11-01', '2024-11-08', '20%', 45, 45),
(46, '2024-11-10', '2024-11-17', '25%', 46, 46),
(47, '2024-12-01', '2024-12-08', '30%', 47, 47),
(48, '2024-12-15', '2024-12-22', '5%', 48, 48),
(49, '2024-01-20', '2024-01-27', '10%', 49, 49),
(50, '2024-01-25', '2024-02-01', '15%', 50, 50),
(51, '2024-02-10', '2024-02-17', '20%', 51, 51),
(52, '2024-02-20', '2024-02-27', '25%', 52, 52),
(53, '2024-03-05', '2024-03-12', '30%', 53, 53),
(54, '2024-03-15', '2024-03-22', '5%', 54, 54),
(55, '2024-04-01', '2024-04-08', '10%', 55, 55),
(56, '2024-04-05', '2024-04-12', '15%', 56, 56),
(57, '2024-05-01', '2024-05-08', '20%', 57, 57),
(58, '2024-05-15', '2024-05-22', '25%', 58, 58),
(59, '2024-06-01', '2024-06-08', '30%', 59, 59),
(60, '2024-06-10', '2024-06-17', '5%', 60, 60),
(61, '2024-07-01', '2024-07-08', '10%', 61, 61),
(62, '2024-07-15', '2024-07-22', '15%', 62, 62),
(63, '2024-08-05', '2024-08-12', '20%', 63, 63),
(64, '2024-08-10', '2024-08-17', '25%', 64, 64),
(65, '2024-09-01', '2024-09-08', '30%', 65, 65),
(66, '2024-09-10', '2024-09-17', '5%', 66, 66),
(67, '2024-10-01', '2024-10-08', '10%', 67, 67),
(68, '2024-10-10', '2024-10-17', '15%', 68, 68),
(69, '2024-11-01', '2024-11-08', '20%', 69, 69),
(70, '2024-11-15', '2024-11-22', '25%', 70, 70),
(71, '2024-12-01', '2024-12-08', '30%', 71, 71),
(72, '2024-12-10', '2024-12-17', '5%', 72, 72),
(73, '2024-01-15', '2024-01-22', '10%', 73, 73),
(74, '2024-01-20', '2024-01-27', '15%', 74, 74),
(75, '2024-02-05', '2024-02-12', '20%', 75, 75),
(76, '2024-02-15', '2024-02-22', '25%', 76, 76),
(77, '2024-03-10', '2024-03-17', '30%', 77, 77),
(78, '2024-03-15', '2024-03-22', '5%', 78, 78),
(79, '2024-04-01', '2024-04-08', '10%', 79, 79),
(80, '2024-04-05', '2024-04-12', '15%', 80, 80),
(81, '2024-05-01', '2024-05-08', '20%', 81, 81),
(82, '2024-05-10', '2024-05-17', '25%', 82, 82),
(83, '2024-06-01', '2024-06-08', '30%', 83, 83),
(84, '2024-06-05', '2024-06-12', '5%', 84, 84),
(85, '2024-07-01', '2024-07-08', '10%', 85, 85),
(86, '2024-07-08', '2024-07-15', '15%', 86, 86),
(87, '2024-08-05', '2024-08-12', '20%', 87, 87),
(88, '2024-08-10', '2024-08-17', '25%', 88, 88),
(89, '2024-09-01', '2024-09-08', '30%', 89, 89),
(90, '2024-09-12', '2024-09-19', '5%', 90, 90),
(91, '2024-10-01', '2024-10-08', '10%', 91, 91),
(92, '2024-10-05', '2024-10-12', '15%', 92, 92),
(93, '2024-11-01', '2024-11-08', '20%', 93, 93),
(94, '2024-11-10', '2024-11-17', '25%', 94, 94),
(95, '2024-12-01', '2024-12-08', '30%', 95, 95),
(96, '2024-12-15', '2024-12-22', '5%', 96, 96),
(97, '2024-01-20', '2024-01-27', '10%', 97, 97),
(98, '2024-01-25', '2024-02-01', '15%', 98, 98),
(99, '2024-02-10', '2024-02-17', '20%', 99, 99),
(100, '2024-02-20', '2024-02-27', '25%', 100, 100);